SAMPLE_ID,SHANNON,DILUTION_RATE
D0.8,6.214607913,D01
D6.8,3.347931012,D01
D9.5,3.466399142,D01
D10.5,3.506939135,D01
D15.5,3.692200726,D01
D16.5,3.570769178,D1
D17.6,3.51121889,D1
D18.8,3.47543972,D1
D19.8,3.455189707,D1
D21.5,1.337380456,D10
D22.4,0.868114169,D10
D23.5,0.75901103,D10