SAMPLE_ID,SHANNON,DILUTION_RATE
D0.8,6.214607968,D01
D6.8,5.619633574,D01
D9.5,5.581819328,D01
D10.5,5.57021618,D01
D15.5,5.52043273,D01
D16.5,5.394697393,D1
D17.6,5.283304774,D1
D18.8,5.179401496,D1
D19.8,5.10216511,D1
D21.5,5.391161854,D10
D22.4,4.991363697,D10
D23.5,4.747567659,D10